0,0.100261
1,0.100261
2,0.100261
3,0.100261
4,0.100261
5,0.100261
6,0.194408
7,0.194408
8,0.194408
9,0.194408
10,0.194408
11,0.349786
12,0.349786
13,0.349786
14,0.349786
15,0.349786
16,0.349786
17,0.349786
18,0.349786
19,0.349786
20,0.349786
21,0.349786
22,0.349786
23,0.349786
24,0.349786
25,0.329729
26,0.329729
27,0.329729
28,0.329729
29,0.329729
30,0.329729
31,0.329729
32,0.329729
33,0.329729
34,0.329729
35,-0.227701
36,-0.227701
37,-0.227701
38,-0.227701
39,-0.227701
40,-0.227701
41,-0.227701
42,-0.227701
43,-0.227701
44,-0.227701
45,-0.227701
46,-0.227701
47,0.00875453
48,0.00875453
49,0.00875453
50,0.00875453
51,0.00875453
52,0.00875453
53,0.00875453
54,0.00875453
55,0.00875453
56,0.00875453
57,0.00875453
58,0.00875453
59,0.00875453
60,0.00875453
61,0.00875453
62,0.00875453
63,0.00875453
64,0.00875453
65,0.00875453
66,0.00875453
67,0.00875453
68,0.00875453
69,0.265908
70,0.265908
71,0.265908
72,0.265908
73,0.265908
74,0.265908
75,0.265908
76,0.265908
77,0.265908
78,0.265908
79,0.265908
80,0.265908
81,0.265908
82,0.265908
83,0.265908
84,0.265908
85,0.265908
86,0.265908
87,0.265908
88,0.265908
89,0.265908
90,0.265908
91,0.265908
92,0.265908
93,0.265908
94,0.265908
95,0.265908
96,0.265908
97,0.265908
98,0.265908
99,0.265908
100,0.265908
101,0.265908
102,0.265908
103,0.265908
104,0.265908
105,0.265908
106,0.265908
107,0.265908
108,0.265908
109,0.265908
110,0.265908
111,0.265908
112,0.265908
113,0.265908
114,0.265908
115,0.265908
116,0.265908
117,0.265908
118,0.265908
119,0.265908
120,0.265908
121,0.265908
122,0.265908
123,0.265908
124,0.265908
125,0.265908
126,0.265908
127,0.265908
128,0.265908
129,0.265908
130,0.265908
131,0.265908
132,0.265908
133,0.265908
134,0.265908
135,0.265908
136,0.265908
137,0.265908
138,0.265908
139,0.265908
140,0.265908
141,0.265908
142,0.265908
143,0.265908
144,0.265908
145,0.265908
146,0.265908
147,0.265908
148,0.265908
149,0.265908
150,0.265908
151,0.265908
152,0.265908
153,0.265908
154,0.265908
155,0.265908
156,0.265908
157,0.265908
158,0.265908
159,0.265908
160,0.265908
161,0.265908
162,0.265908
163,0.265908
164,0.265908
165,0.265908
166,0.265908
167,0.265908
168,0.265908
169,0.265908
170,0.265908
171,0.265908
172,0.265908
173,0.265908
174,0.265908
175,0.265908
176,0.265908
177,0.265908
178,0.265908
179,0.265908
180,0.265908
181,0.265908
182,0.265908
183,0.265908
184,0.265908
185,0.265908
186,0.265908
187,0.265908
188,0.265908
189,0.265908
190,0.265908
191,0.265908
192,0.265908
193,0.265908
194,0.265908
195,0.265908
196,0.265908
197,0.265908
198,0.265908
199,0.265908
200,0.265908
201,0.265908
202,0.265908
203,0.265908
204,0.265908
205,0.265908
206,0.265908
207,0.265908
208,0.265908
209,0.265908
210,0.265908
211,0.265908
212,0.265908
213,0.265908
214,0.265908
215,0.265908
216,0.265908
217,0.265908
218,0.265908
219,0.265908
220,0.265908
221,0.265908
222,0.265908
223,0.265908
224,0.265908
225,0.265908
226,0.265908
227,0.265908
228,0.265908
229,0.265908
230,0.265908
231,0.265908
232,0.265908
233,0.265908
234,0.265908
235,0.265908
236,0.265908
237,0.265908
238,0.265908
239,0.265908
240,0.265908
241,0.265908
242,0.265908
243,0.265908
244,0.265908
245,0.265908
246,0.265908
247,0.265908
248,0.265908
249,0.265908
250,0.265908
251,0.265908
252,0.265908
253,0.265908
254,0.265908
255,0.265908
256,0.265908
257,0.265908
258,0.265908
259,0.265908
260,0.265908
261,0.265908
262,0.265908
263,0.265908
264,0.265908
265,0.265908
266,0.265908
267,0.265908
268,0.265908
269,0.265908
270,0.265908
271,0.265908
272,0.265908
273,0.265908
274,0.265908
275,0.265908
276,0.265908
277,0.265908
278,0.265908
279,0.265908
280,0.265908
281,0.265908
282,0.265908
283,0.265908
284,0.265908
285,0.265908
286,0.265908
287,0.265908
288,0.265908
289,0.265908
290,0.265908
291,0.265908
292,0.265908
293,0.265908
294,0.265908
295,0.265908
296,0.265908
297,0.265908
298,0.265908
299,0.265908
300,0.265908
301,0.265908
302,0.265908
303,0.265908
304,0.265908
305,0.265908
306,0.265908
307,0.265908
308,0.265908
309,0.265908
310,0.265908
311,0.265908
312,0.265908
313,0.265908
314,0.265908
315,0.265908
316,0.265908
317,0.265908
318,0.265908
319,0.265908
320,0.265908
321,0.265908
322,0.265908
323,0.265908
324,0.265908
325,0.265908
326,0.265908
327,0.265908
328,0.265908
329,0.265908
330,0.265908
331,0.265908
332,0.265908
333,0.265908
334,0.265908
335,0.265908
336,0.265908
337,0.265908
338,0.265908
339,0.265908
340,0.265908
341,0.265908
342,0.265908
343,0.265908
344,0.265908
345,0.265908
346,0.265908
347,0.265908
348,0.265908
349,0.265908
350,0.265908
351,0.265908
352,0.265908
353,0.265908
354,0.265908
355,0.265908
356,0.265908
357,0.265908
358,0.265908
359,0.265908
360,0.265908
361,0.265908
362,0.265908
363,0.265908
364,0.265908
365,0.265908
366,0.265908
367,0.265908
368,0.265908
369,0.265908
370,0.265908
371,0.265908
372,0.265908
373,0.265908
374,0.265908
375,0.265908
376,0.265908
377,0.265908
378,0.265908
379,0.265908
380,0.265908
381,0.265908
382,0.265908
383,0.265908
384,0.265908
385,0.265908
386,0.265908
387,0.265908
388,0.265908
389,0.265908
390,0.265908
391,0.265908
392,0.265908
393,0.265908
394,0.265908
395,0.265908
396,0.265908
397,0.265908
398,0.265908
399,0.265908
400,0.265908
401,0.265908
402,0.265908
403,0.265908
404,0.265908
405,0.265908
406,0.265908
407,0.265908
408,0.265908
409,0.265908
410,0.265908
411,0.265908
412,0.265908
413,0.361693
414,0.361693
415,0.361693
416,0.361693
417,0.361693
418,0.361693
419,0.361693
420,0.361693
421,0.361693
422,0.361693
423,0.361693
424,0.361693
425,0.361693
426,0.361693
427,0.361693
428,0.361693
429,0.361693
430,0.361693
431,0.361693
432,0.361693
433,0.361693
434,0.361693
435,0.361693
436,0.361693
437,0.361693
438,0.361693
439,0.361693
440,0.361693
441,0.361693
442,0.361693
443,0.361693
444,0.361693
445,0.361693
446,0.361693
447,0.361693
448,0.361693
449,0.361693
450,0.361693
451,0.361693
452,0.361693
453,0.361693
454,0.361693
455,0.361693
456,0.361693
457,0.361693
458,0.361693
459,0.361693
460,0.361693
461,0.361693
462,0.361693
463,0.361693
464,0.361693
465,0.361693
466,0.361693
467,0.361693
468,0.361693
469,0.361693
470,0.361693
471,0.361693
472,0.361693
473,0.361693
474,0.361693
475,0.361693
476,0.361693
477,0.361693
478,0.361693
479,0.361693
480,0.361693
481,0.361693
482,0.361693
483,0.361693
484,0.361693
485,0.361693
486,0.361693
487,0.361693
488,0.361693
489,0.361693
490,0.361693
491,0.361693
492,0.361693
493,0.361693
494,0.361693
495,0.361693
496,0.361693
497,0.361693
498,0.361693
499,0.361693
500,0.361693
501,0.361693
502,0.361693
503,0.361693
504,0.361693
505,0.361693
506,0.361693
507,0.361693
508,0.361693
509,0.361693
510,0.361693
511,0.361693
512,0.361693
513,0.361693
514,0.361693
515,0.361693
516,0.361693
517,0.361693
518,0.361693
519,0.361693
520,0.361693
521,0.361693
522,0.361693
523,0.361693
524,0.361693
525,0.361693
526,0.361693
527,0.361693
528,0.361693
529,0.361693
530,0.361693
531,0.361693
532,0.361693
533,0.361693
534,0.361693
535,0.361693
536,0.361693
537,0.361693
538,0.361693
539,0.361693
540,0.361693
541,0.361693
542,0.361693
543,0.361693
544,0.361693
545,0.361693
546,0.361693
547,0.361693
548,0.361693
549,0.361693
550,0.361693
551,0.361693
552,0.361693
553,0.361693
554,0.361693
555,0.361693
556,0.361693
557,0.361693
558,0.361693
559,0.361693
560,0.361693
561,0.361693
562,0.361693
563,0.361693
564,0.361693
565,0.361693
566,0.361693
567,0.361693
568,0.361693
569,0.361693
570,0.361693
571,0.361693
572,0.361693
573,0.361693
574,0.361693
575,0.361693
576,0.361693
577,0.361693
578,0.361693
579,0.361693
580,0.361693
581,0.361693
582,0.361693
583,0.361693
584,0.361693
585,0.361693
586,0.361693
587,0.361693
588,0.361693
589,0.361693
590,0.361693
591,0.361693
592,0.361693
593,0.361693
594,0.361693
595,0.361693
596,0.361693
597,0.361693
598,0.361693
599,0.361693
600,0.361693
601,0.361693
602,0.361693
603,0.361693
604,0.361693
605,0.361693
606,0.361693
607,0.361693
608,0.361693
609,0.361693
610,0.361693
611,0.361693
612,0.361693
613,0.361693
614,0.361693
615,0.361693
616,0.361693
617,0.361693
618,0.361693
619,0.361693
620,0.361693
621,0.361693
622,0.361693
623,0.361693
624,0.361693
625,0.361693
626,0.361693
627,0.361693
628,0.361693
629,0.361693
630,0.361693
631,0.361693
632,0.361693
633,0.361693
634,0.361693
635,0.361693
636,0.361693
637,0.361693
638,0.361693
639,0.361693
640,0.361693
641,0.361693
642,0.361693
643,0.361693
644,0.361693
645,0.361693
646,0.361693
647,0.361693
648,0.361693
649,0.361693
650,0.361693
651,0.361693
652,0.361693
653,0.361693
654,0.361693
655,0.361693
656,0.361693
657,0.361693
658,0.361693
659,0.361693
660,0.361693
661,0.361693
662,0.361693
663,0.361693
664,0.361693
665,0.361693
666,0.361693
667,0.361693
668,0.361693
669,0.361693
670,0.361693
671,0.361693
672,0.361693
673,0.361693
674,0.361693
675,0.361693
676,0.361693
677,0.361693
678,0.361693
679,0.361693
680,0.361693
681,0.361693
682,0.361693
683,0.361693
684,0.361693
685,0.361693
686,0.361693
687,0.361693
688,0.361693
689,0.361693
690,0.361693
691,0.361693
692,0.361693
693,0.361693
694,0.361693
695,0.361693
696,0.361693
697,0.361693
698,0.361693
699,0.361693
700,0.361693
701,0.361693
702,0.361693
703,0.361693
704,0.361693
705,0.361693
706,0.361693
707,0.361693
708,0.361693
709,0.361693
710,0.361693
711,0.361693
712,0.361693
713,0.361693
714,0.361693
715,0.361693
716,0.361693
717,0.361693
718,0.361693
719,0.361693
720,0.361693
721,0.361693
722,0.361693
723,0.361693
724,0.361693
725,0.361693
726,0.361693
727,0.361693
728,0.361693
729,0.361693
730,0.361693
731,0.361693
732,0.361693
733,0.361693
734,0.361693
735,0.361693
736,0.361693
737,0.361693
738,0.361693
739,0.361693
740,0.361693
741,0.361693
742,0.361693
743,0.361693
744,0.361693
745,0.361693
746,0.361693
747,0.361693
748,0.361693
749,0.361693
750,0.361693
751,0.361693
752,0.361693
753,0.361693
754,0.361693
755,0.361693
756,0.361693
757,0.361693
758,0.361693
759,0.361693
760,0.361693
761,0.361693
762,0.361693
763,0.361693
764,0.361693
765,0.361693
766,0.361693
767,0.361693
768,0.361693
769,0.361693
770,0.361693
771,0.361693
772,0.361693
773,0.361693
774,0.361693
775,0.361693
776,0.361693
777,0.361693
778,0.361693
779,0.361693
780,0.361693
781,0.361693
782,0.361693
783,0.361693
784,0.361693
785,0.361693
786,0.361693
787,0.361693
788,0.361693
789,0.361693
790,0.361693
791,0.361693
792,0.361693
793,0.361693
794,0.361693
795,0.361693
796,0.361693
797,0.361693
798,0.361693
799,0.361693
800,0.361693
801,0.361693
802,0.361693
803,0.361693
804,0.361693
805,0.361693
806,0.361693
807,0.361693
808,0.361693
809,0.361693
810,0.361693
811,0.361693
812,0.361693
813,0.361693
814,0.361693
815,0.361693
816,0.361693
817,0.361693
818,0.361693
819,0.361693
820,0.361693
821,0.361693
822,0.361693
823,0.361693
824,0.361693
825,0.361693
826,0.361693
827,0.361693
828,0.361693
829,0.361693
830,0.361693
831,0.361693
832,0.361693
833,0.361693
834,0.361693
835,0.361693
836,0.361693
837,0.361693
838,0.361693
839,0.361693
840,0.361693
841,0.361693
842,0.361693
843,0.361693
844,0.361693
845,0.361693
846,0.361693
847,0.361693
848,0.361693
849,0.361693
850,0.361693
851,0.361693
852,0.361693
853,0.361693
854,0.361693
855,0.361693
856,0.361693
857,0.361693
858,0.361693
859,0.361693
860,0.361693
861,0.361693
862,0.361693
863,0.361693
864,0.361693
865,0.361693
866,0.361693
867,0.361693
868,0.361693
869,0.361693
870,0.361693
871,0.361693
872,0.361693
873,0.361693
874,0.361693
875,0.361693
876,0.361693
877,0.361693
878,0.361693
879,0.361693
880,0.361693
881,0.361693
882,0.361693
883,0.361693
884,0.361693
885,0.361693
886,0.361693
887,0.361693
888,0.361693
889,0.361693
890,0.361693
891,0.361693
892,0.361693
893,0.361693
894,0.361693
895,0.361693
896,0.361693
897,0.361693
898,0.361693
899,0.361693
900,0.361693
901,0.361693
902,0.361693
903,0.361693
904,0.361693
905,0.361693
906,0.361693
907,0.361693
908,0.361693
909,0.361693
910,0.361693
911,0.361693
912,0.361693
913,0.361693
914,0.361693
915,0.361693
916,0.361693
917,0.361693
918,0.361693
919,0.361693
920,0.361693
921,0.361693
922,0.361693
923,0.361693
924,0.361693
925,0.361693
926,0.361693
927,0.361693
928,0.361693
929,0.361693
930,0.361693
931,0.361693
932,0.361693
933,0.361693
934,0.361693
935,0.361693
936,0.361693
937,0.361693
938,0.361693
939,0.361693
940,0.361693
941,0.361693
942,0.361693
943,0.361693
944,0.361693
945,0.361693
946,0.361693
947,0.361693
948,0.361693
949,0.361693
950,0.361693
951,0.361693
952,0.361693
953,0.361693
954,0.361693
955,0.361693
956,0.361693
957,0.361693
958,0.361693
959,0.361693
960,0.361693
961,0.361693
962,0.361693
963,0.361693
964,0.361693
965,0.361693
966,0.361693
967,0.361693
968,0.361693
969,0.361693
970,0.361693
971,0.361693
972,0.361693
973,0.361693
974,0.361693
975,0.361693
976,0.361693
977,0.361693
978,0.361693
979,0.361693
980,0.361693
981,0.361693
982,0.361693
983,0.361693
984,0.361693
985,0.361693
986,0.361693
987,0.361693
988,0.361693
989,0.361693
990,0.361693
991,0.361693
992,0.361693
993,0.361693
994,0.361693
995,0.361693
996,0.361693
997,0.361693
998,0.361693
999,0.361693
1000,0.361693
1001,0.361693
1002,0.361693
1003,0.361693
1004,0.361693
1005,0.361693
1006,0.361693
1007,0.361693
1008,0.361693
1009,0.361693
1010,0.361693
1011,0.361693
1012,0.361693
1013,0.361693
1014,0.361693
1015,0.361693
1016,0.361693
1017,0.361693
1018,0.361693
1019,0.361693
1020,0.361693
1021,0.361693
1022,0.361693
1023,0.361693
1024,0.361693
1025,0.361693
1026,0.361693
1027,0.361693
1028,0.361693
1029,0.361693
1030,0.361693
1031,0.361693
1032,0.361693
1033,0.361693
1034,0.361693
1035,0.361693
1036,0.361693
1037,0.361693
1038,0.361693
1039,0.361693
1040,0.361693
1041,0.361693
1042,0.361693
1043,0.361693
1044,0.361693
1045,0.361693
1046,0.361693
1047,0.361693
1048,0.361693
1049,0.361693
1050,0.361693
1051,0.361693
1052,0.361693
1053,0.361693
1054,0.361693
1055,0.361693
1056,0.361693
1057,0.361693
1058,0.361693
1059,0.361693
1060,0.361693
1061,0.361693
1062,0.361693
1063,0.361693
1064,0.361693
1065,0.361693
1066,0.361693
1067,0.361693
1068,0.361693
1069,0.361693
1070,0.361693
1071,0.361693
1072,0.361693
1073,0.361693
1074,0.361693
1075,0.361693
1076,0.361693
1077,0.361693
1078,0.361693
1079,0.361693
1080,0.361693
1081,0.361693
1082,0.361693
1083,0.361693
1084,0.361693
1085,0.361693
1086,0.361693
1087,0.361693
1088,0.361693
1089,0.361693
1090,0.361693
1091,0.361693
1092,0.361693
1093,0.361693
1094,0.361693
1095,0.361693
1096,0.361693
1097,0.361693
1098,0.361693
1099,0.361693
1100,0.361693
1101,0.361693
1102,0.361693
1103,0.361693
1104,0.361693
1105,0.361693
1106,0.361693
1107,0.361693
1108,0.361693
1109,0.361693
1110,0.361693
1111,0.361693
1112,0.361693
1113,0.361693
1114,0.361693
1115,0.361693
1116,0.361693
1117,0.361693
1118,0.361693
1119,0.361693
1120,0.361693
1121,0.361693
1122,0.361693
1123,0.238769
1124,0.238769
1125,0.170095
1126,0.195287
1127,0.195287
1128,0.195287
1129,0.277934
1130,0.217252
1131,0.217252
1132,0.217252
1133,0.217252
1134,0.217252
1135,0.217252
1136,0.217252
1137,0.217252
1138,0.217252
1139,0.217252
1140,0.217252
1141,0.217252
1142,0.217252
1143,0.217252
1144,0.217252
1145,0.217252
1146,0.217252
1147,0.217252
1148,0.217252
1149,0.281588
1150,0.281588
1151,0.281588
1152,0.281588
1153,0.281588
1154,0.281588
1155,0.281588
1156,0.281588
1157,0.281588
1158,0.281588
1159,0.281588
1160,0.281588
1161,0.281588
1162,0.281588
1163,0.281588
1164,0.344163
1165,0.306256
1166,0.306256
1167,0.306256
1168,0.306256
1169,0.306256
1170,0.306256
1171,0.306256
1172,0.306256
1173,0.306256
1174,0.306256
1175,0.306256
1176,0.306256
1177,0.306256
1178,0.306256
1179,0.306256
1180,0.306256
1181,0.306256
1182,0.306256
1183,0.306256
1184,0.306256
1185,0.306256
1186,0.306256
1187,0.306256
1188,0.306256
1189,0.306256
1190,0.306256
1191,0.306256
1192,0.306256
1193,0.306256
1194,0.306256
1195,0.306256
1196,0.306256
1197,0.306256
1198,0.306256
1199,0.306256
1200,0.306256
1201,0.306256
1202,0.306256
1203,0.306256
1204,0.306256
1205,0.306256
1206,0.306256
1207,0.306256
1208,0.306256
1209,0.306256
1210,0.306256
1211,0.306256
1212,0.306256
1213,0.306256
1214,0.306256
1215,0.306256
1216,0.306256
1217,0.306256
1218,0.306256
1219,0.306256
1220,0.306256
1221,0.306256
1222,0.306256
1223,0.306256
1224,0.306256
1225,0.306256
1226,0.306256
1227,0.306256
1228,0.306256
1229,0.306256
1230,0.306256
1231,0.306256
1232,0.306256
1233,0.306256
1234,0.306256
1235,0.306256
1236,0.306256
1237,0.306256
1238,0.306256
1239,0.306256
1240,0.306256
1241,0.306256
1242,0.306256
1243,0.306256
1244,0.306256
1245,0.306256
1246,0.306256
1247,0.306256
1248,0.306256
1249,0.306256
1250,0.306256
1251,0.306256
1252,0.306256
1253,0.306256
1254,0.306256
1255,0.306256
1256,0.306256
1257,0.306256
1258,0.306256
1259,0.306256
1260,0.306256
1261,0.306256
1262,0.306256
1263,0.306256
1264,0.306256
1265,0.306256
1266,0.306256
1267,0.306256
1268,0.306256
1269,0.306256
1270,0.306256
1271,0.306256
1272,0.306256
1273,0.306256
1274,0.306256
1275,0.306256
1276,0.306256
1277,0.306256
1278,0.306256
1279,0.306256
1280,0.306256
1281,0.306256
1282,0.306256
1283,0.306256
1284,0.306256
1285,0.306256
1286,0.306256
1287,0.306256
1288,0.306256
1289,0.306256
1290,0.306256
1291,0.306256
1292,0.306256
1293,0.306256
1294,0.306256
1295,0.306256
1296,0.306256
1297,0.306256
1298,0.306256
1299,0.306256
1300,0.306256
1301,0.306256
1302,0.306256
1303,0.306256
1304,0.306256
1305,0.306256
1306,0.306256
1307,0.306256
1308,0.306256
1309,0.306256
1310,0.306256
1311,0.306256
1312,0.306256
1313,0.306256
1314,0.306256
1315,0.306256
1316,0.306256
1317,0.306256
1318,0.306256
1319,0.306256
1320,0.306256
1321,0.306256
1322,0.306256
1323,0.306256
1324,0.306256
1325,0.306256
1326,0.306256
1327,0.306256
1328,0.306256
1329,0.306256
1330,0.306256
1331,0.306256
1332,0.306256
1333,0.306256
1334,0.306256
1335,0.306256
1336,0.306256
1337,0.306256
1338,0.306256
1339,0.306256
1340,0.306256
1341,0.306256
1342,0.306256
1343,0.306256
1344,0.306256
1345,0.306256
1346,0.306256
1347,0.306256
1348,0.306256
1349,0.306256
1350,0.306256
1351,0.306256
1352,0.306256
1353,0.306256
1354,0.246854
1355,0.373672
1356,0.373672
1357,0.353597
1358,0.313076
1359,0.289733
1360,0.289733
1361,0.289733
1362,0.289733
1363,0.289733
1364,0.289733
1365,0.249512
1366,0.249512
1367,0.306305
1368,0.306305
1369,0.306305
1370,0.306305
1371,0.37294
1372,0.293861
1373,0.281164
1374,0.281164
1375,0.293979
1376,0.293979
1377,0.293979
1378,0.293979
1379,0.293979
1380,0.293979
1381,0.293979
1382,0.293979
1383,0.293979
1384,0.293979
1385,0.293979
1386,0.293979
1387,0.293979
1388,0.293979
1389,0.293979
1390,0.293979
1391,0.293979
1392,0.293979
1393,0.293979
1394,0.293979
1395,0.293979
1396,0.293979
1397,0.293979
1398,0.293979
1399,0.293979
1400,0.293979
1401,0.350268
1402,0.350268
1403,0.303209
1404,0.331635
1405,0.330123
1406,0.330123
1407,0.330123
1408,0.330123
1409,0.330123
1410,0.330123
1411,0.36222
1412,0.383413
1413,0.392325
1414,0.357996
1415,0.34489
1416,0.34489
1417,0.34489
1418,0.34489
1419,0.34489
1420,0.34489
1421,0.34489
1422,0.34489
1423,0.34489
1424,0.34489
1425,0.34489
1426,0.34489
1427,0.34489
1428,0.34489
1429,0.34489
1430,0.34489
1431,0.34489
1432,0.34489
1433,0.34489
1434,0.34489
1435,0.34489
1436,0.34489
1437,0.34489
1438,0.34489
1439,0.34489
1440,0.34489
1441,0.34489
1442,0.34489
1443,0.34489
1444,0.34489
1445,0.34489
1446,0.34489
1447,0.34489
1448,0.34489
1449,0.34489
1450,0.34489
1451,0.34489
1452,0.34489
1453,0.34489
1454,0.34489
1455,0.34489
1456,0.34489
1457,0.34489
1458,0.34489
1459,0.34489
1460,0.34489
1461,0.34489
1462,0.34489
1463,0.34489
1464,0.34489
1465,0.34489
1466,0.34489
1467,0.34489
1468,0.34489
1469,0.34489
1470,0.34489
1471,0.34489
1472,0.34489
1473,0.34489
1474,0.34489
1475,0.34489
1476,0.34489
1477,0.34489
1478,0.34489
1479,0.34489
1480,0.34489
1481,0.34489
1482,0.34489
1483,0.34489
1484,0.34489
1485,0.34489
1486,0.34489
1487,0.34489
1488,0.34489
1489,0.34489
1490,0.34489
1491,0.34489
1492,0.34489
1493,0.34489
1494,0.34489
1495,0.34489
1496,0.34489
1497,0.34489
1498,0.34489
1499,0.34489
1500,0.34489
1501,0.34489
1502,0.34489
1503,0.34489
1504,0.34489
1505,0.34489
1506,0.34489
1507,0.34489
1508,0.34489
1509,0.34489
1510,0.34489
1511,0.34489
1512,0.34489
1513,0.34489
1514,0.34489
1515,0.34489
1516,0.34489
1517,0.34489
1518,0.34489
1519,0.34489
1520,0.34489
1521,0.34489
1522,0.34489
1523,0.34489
1524,0.34489
1525,0.34489
1526,0.34489
1527,0.34489
1528,0.34489
1529,0.34489
1530,0.34489
1531,0.34489
1532,0.34489
1533,0.34489
1534,0.34489
1535,0.34489
1536,0.34489
1537,0.34489
1538,0.34489
1539,0.34489
1540,0.34489
1541,0.34489
1542,0.34489
1543,0.34489
1544,0.34489
1545,0.34489
1546,0.34489
1547,0.34489
1548,0.34489
1549,0.34489
1550,0.34489
1551,0.34489
1552,0.34489
1553,0.34489
1554,0.34489
1555,0.34489
1556,0.34489
1557,0.34489
1558,0.32754
1559,0.32754
1560,0.32754
1561,0.3136
1562,0.3136
1563,0.3136
1564,0.3136
1565,0.3136
1566,0.3136
1567,0.3136
1568,0.3136
1569,0.3136
1570,0.3136
1571,0.3136
1572,0.3136
1573,0.3136
1574,0.3136
1575,0.3136
1576,0.3136
1577,0.3136
1578,0.3136
1579,0.3136
1580,0.3136
1581,0.3136
1582,0.3136
1583,0.3136
1584,0.3136
1585,0.3136
1586,0.3136
1587,0.3136
1588,0.3136
1589,0.3136
1590,0.3136
1591,0.3136
1592,0.3136
1593,0.3136
1594,0.3136
1595,0.3136
1596,0.3136
1597,0.3136
1598,0.3136
1599,0.3136
1600,0.3136
1601,0.3136
1602,0.3136
1603,0.3136
1604,0.3136
1605,0.3136
1606,0.3136
1607,0.3136
1608,0.3136
1609,0.3136
1610,0.3136
1611,0.3136
1612,0.3136
1613,0.3136
1614,0.3136
1615,0.3136
1616,0.3136
1617,0.3136
1618,0.3136
1619,0.3136
1620,0.3136
1621,0.3136
1622,0.3136
1623,0.3136
1624,0.3136
1625,0.3136
1626,0.3136
1627,0.3136
1628,0.3136
1629,0.3136
1630,0.3136
1631,0.3136
1632,0.3136
1633,0.3136
1634,0.3136
1635,0.3136
1636,0.3136
1637,0.3136
1638,0.3136
1639,0.3136
1640,0.3136
1641,0.3136
1642,0.3136
1643,0.3136
1644,0.3136
1645,0.3136
1646,0.3136
1647,0.3136
1648,0.3136
1649,0.3136
1650,0.3136
1651,0.3136
1652,0.3136
1653,0.3136
1654,0.3136
1655,0.3136
1656,0.3136
1657,0.3136
1658,0.3136
1659,0.3136
1660,0.3136
1661,0.3136
1662,0.3136
1663,0.3136
1664,0.3136
1665,0.3136
1666,0.3136
1667,0.3136
1668,0.3136
1669,0.3136
1670,0.3136
1671,0.3136
1672,0.3136
1673,0.3136
1674,0.3136
1675,0.3136
1676,0.3136
1677,0.3136
1678,0.3136
1679,0.3136
1680,0.3136
1681,0.3136
1682,0.3136
1683,0.3136
1684,0.3136
1685,0.3136
1686,0.3136
1687,0.3136
1688,0.3136
1689,0.3136
1690,0.3136
1691,0.3136
1692,0.3136
1693,0.3136
1694,0.3136
1695,0.3136
1696,0.3136
1697,0.3136
1698,0.3136
1699,0.3136
1700,0.3136
1701,0.3136
1702,0.3136
1703,0.3136
1704,0.3136
1705,0.3136
1706,0.3136
1707,0.3136
1708,0.3136
1709,0.3136
1710,0.3136
1711,0.3136
1712,0.3136
1713,0.3136
1714,0.3136
1715,0.3136
1716,0.3136
1717,0.3136
1718,0.3136
1719,0.3136
1720,0.3136
1721,0.3136
1722,0.3136
1723,0.3136
1724,0.3136
1725,0.3136
1726,0.3136
1727,0.3136
1728,0.3136
1729,0.3136
1730,0.3136
1731,0.3136
1732,0.3136
1733,0.3136
1734,0.3136
1735,0.3136
1736,0.3136
1737,0.3136
1738,0.3136
1739,0.3136
1740,0.3136
1741,0.3136
1742,0.3136
1743,0.3136
1744,0.3136
1745,0.3136
1746,0.3136
1747,0.3136
1748,0.3136
1749,0.3136
1750,0.3136
1751,0.3136
1752,0.3136
1753,0.3136
1754,0.3136
1755,0.3136
1756,0.3136
1757,0.3136
1758,0.3136
1759,0.3136
1760,0.3136
1761,0.3136
1762,0.3136
1763,0.3136
1764,0.3136
1765,0.3136
1766,0.3136
1767,0.3136
1768,0.3136
1769,0.3136
1770,0.3136
1771,0.3136
1772,0.3136
1773,0.3136
1774,0.3136
1775,0.3136
1776,0.3136
1777,0.3136
1778,0.3136
1779,0.3136
1780,0.3136
1781,0.3136
1782,0.3136
1783,0.3136
1784,0.3136
1785,0.3136
1786,0.3136
1787,0.3136
1788,0.3136
1789,0.3136
1790,0.3136
1791,0.3136
1792,0.3136
1793,0.3136
1794,0.3136
1795,0.3136
1796,0.3136
1797,0.3136
1798,0.3136
1799,0.3136
1800,0.3136
1801,0.3136
1802,0.3136
1803,0.3136
1804,0.3136
1805,0.3136
1806,0.3136
1807,0.3136
1808,0.3136
1809,0.3136
1810,0.3136
1811,0.3136
1812,0.3136
1813,0.3136
1814,0.3136
1815,0.3136
1816,0.3136
1817,0.3136
1818,0.3136
1819,0.3136
1820,0.3136
1821,0.3136
1822,0.3136
1823,0.3136
1824,0.3136
1825,0.3136
1826,0.3136
1827,0.3136
1828,0.3136
1829,0.3136
1830,0.3136
1831,0.3136
1832,0.3136
1833,0.3136
1834,0.3136
1835,0.3136
1836,0.3136
1837,0.3136
1838,0.3136
1839,0.3136
1840,0.3136
1841,0.3136
1842,0.3136
1843,0.3136
1844,0.3136
1845,0.3136
1846,0.3136
1847,0.3136
1848,0.3136
1849,0.3136
1850,0.3136
1851,0.3136
1852,0.3136
1853,0.3136
1854,0.3136
1855,0.3136
1856,0.3136
1857,0.3136
1858,0.3136
1859,0.3136
1860,0.3136
1861,0.3136
1862,0.3136
1863,0.3136
1864,0.3136
1865,0.3136
1866,0.3136
1867,0.3136
1868,0.3136
1869,0.3136
1870,0.3136
1871,0.3136
1872,0.3136
1873,0.3136
1874,0.3136
1875,0.3136
1876,0.3136
1877,0.3136
1878,0.3136
1879,0.3136
1880,0.3136
1881,0.3136
1882,0.3136
1883,0.3136
1884,0.3136
1885,0.3136
1886,0.3136
1887,0.3136
1888,0.3136
1889,0.3136
1890,0.3136
1891,0.3136
1892,0.3136
1893,0.3136
1894,0.3136
1895,0.3136
1896,0.3136
1897,0.3136
1898,0.3136
1899,0.3136
1900,0.3136
1901,0.3136
1902,0.3136
1903,0.3136
1904,0.3136
1905,0.3136
1906,0.3136
1907,0.3136
1908,0.3136
1909,0.3136
1910,0.3136
1911,0.3136
1912,0.3136
1913,0.3136
1914,0.3136
1915,0.3136
1916,0.3136
1917,0.3136
1918,0.3136
1919,0.3136
1920,0.3136
1921,0.3136
1922,0.3136
1923,0.3136
1924,0.3136
1925,0.3136
1926,0.3136
1927,0.3136
1928,0.3136
1929,0.3136
1930,0.3136
1931,0.3136
1932,0.3136
1933,0.3136
1934,0.3136
1935,0.3136
1936,0.3136
1937,0.3136
1938,0.3136
1939,0.3136
1940,0.3136
1941,0.3136
1942,0.3136
1943,0.3136
1944,0.3136
1945,0.3136
1946,0.3136
1947,0.3136
1948,0.3136
1949,0.3136
1950,0.3136
1951,0.3136
1952,0.3136
1953,0.3136
1954,0.3136
1955,0.3136
1956,0.3136
1957,0.3136
1958,0.3136
1959,0.3136
1960,0.3136
1961,0.3136
1962,0.3136
1963,0.3136
1964,0.3136
1965,0.3136
1966,0.3136
1967,0.3136
1968,0.3136
1969,0.3136
1970,0.3136
1971,0.3136
1972,0.3136
1973,0.3136
1974,0.3136
1975,0.3136
1976,0.3136
1977,0.3136
1978,0.3136
1979,0.3136
1980,0.3136
1981,0.3136
1982,0.3136
1983,0.3136
1984,0.3136
1985,0.3136
1986,0.3136
1987,0.3136
1988,0.3136
1989,0.3136
1990,0.3136
1991,0.3136
1992,0.3136
1993,0.3136
1994,0.3136
1995,0.3136
1996,0.3136
1997,0.3136
1998,0.3136
1999,0.3136
2000,0.3136
2001,0.3136
2002,0.3136
2003,0.3136
2004,0.3136
2005,0.3136
2006,0.3136
2007,0.3136
2008,0.3136
2009,0.3136
2010,0.3136
2011,0.3136
2012,0.3136
2013,0.3136
2014,0.3136
2015,0.3136
2016,0.3136
2017,0.3136
2018,0.3136
2019,0.3136
2020,0.3136
2021,0.3136
2022,0.3136
2023,0.3136
2024,0.3136
2025,0.3136
2026,0.3136
2027,0.3136
2028,0.3136
2029,0.3136
2030,0.3136
2031,0.3136
2032,0.3136
2033,0.3136
2034,0.3136
2035,0.3136
2036,0.3136
2037,0.3136
2038,0.3136
2039,0.3136
2040,0.3136
2041,0.3136
2042,0.3136
2043,0.3136
2044,0.3136
2045,0.3136
2046,0.3136
2047,0.3136
2048,0.3136
2049,0.3136
2050,0.3136
2051,0.3136
2052,0.3136
2053,0.3136
2054,0.3136
2055,0.3136
2056,0.3136
2057,0.3136
2058,0.3136
2059,0.3136
2060,0.3136
2061,0.3136
2062,0.3136
2063,0.3136
2064,0.3136
2065,0.3136
2066,0.3136
2067,0.3136
2068,0.3136
2069,0.3136
2070,0.3136
2071,0.3136
2072,0.3136
2073,0.3136
2074,0.3136
2075,0.3136
2076,0.3136
2077,0.3136
2078,0.3136
2079,0.3136
2080,0.3136
2081,0.3136
2082,0.3136
2083,0.3136
2084,0.3136
2085,0.3136
2086,0.3136
2087,0.3136
2088,0.3136
2089,0.3136
2090,0.3136
2091,0.3136
2092,0.3136
2093,0.3136
2094,0.3136
2095,0.3136
2096,0.3136
2097,0.3136
2098,0.3136
2099,0.3136
2100,0.3136
2101,0.3136
2102,0.3136
2103,0.3136
2104,0.3136
2105,0.244782
2106,0.24143
2107,0.238533
2108,0.238533
2109,0.238533
2110,0.238533
2111,0.238533
2112,0.238533
2113,0.238533
2114,0.238533
2115,0.238533
2116,0.236721
2117,0.236721
2118,0.369644
2119,0.369644
2120,0.36745
2121,0.36745
2122,0.320569
2123,0.33553
2124,0.318769
2125,0.305956
2126,0.290943
2127,0.277582
2128,0.291632
2129,0.282659
2130,0.282659
2131,0.282659
2132,0.282659
2133,0.282659
2134,0.282659
2135,0.282659
2136,0.282659
2137,0.282659
2138,0.282659
2139,0.282659
2140,0.282659
2141,0.291255
2142,0.291255
2143,0.291255
2144,0.314172
2145,0.314172
2146,0.314172
2147,0.314172
2148,0.252478
2149,0.252478
2150,0.252478
2151,0.275216
2152,0.275216
2153,0.275216
2154,0.34159
2155,0.332383
2156,0.332383
2157,0.340426
2158,0.307462
2159,0.307462
2160,0.366391
2161,0.366391
2162,0.366391
2163,0.366391
2164,0.366391
2165,0.366391
2166,0.366391
2167,0.397513
2168,0.386686
2169,0.385153
2170,0.385153
2171,0.332428
2172,0.337381
2173,0.337381
2174,0.337381
2175,0.33209
2176,0.359782
2177,0.359782
2178,0.341211
2179,0.374992
2180,0.374992
2181,0.374992
2182,0.369633
2183,0.369633
2184,0.325251
2185,0.325251
2186,0.325251
2187,0.325251
2188,0.325251
2189,0.325251
2190,0.325251
2191,0.325251
2192,0.325251
2193,0.325251
2194,0.325251
2195,0.325251
2196,0.325251
2197,0.325251
2198,0.325251
2199,0.325251
2200,0.404613
2201,0.363314
2202,0.387196
2203,0.387196
2204,0.37928
2205,0.37928
2206,0.388225
2207,0.388225
2208,0.388225
2209,0.388225
2210,0.388225
2211,0.388225
2212,0.388225
2213,0.388225
2214,0.388225
2215,0.388225
2216,0.388225
2217,0.388225
2218,0.388225
2219,0.388225
2220,0.388225
2221,0.388225
2222,0.388225
2223,0.388225
2224,0.388225
2225,0.388225
2226,0.366378
2227,0.378333
2228,0.378333
2229,0.378333
2230,0.378333
2231,0.378333
2232,0.378333
2233,0.378333
2234,0.378333
2235,0.378333
2236,0.378333
2237,0.378333
2238,0.402252
2239,0.402252
2240,0.346271
2241,0.346271
2242,0.346271
2243,0.346271
2244,0.357093
2245,0.357093
2246,0.357093
2247,0.370553
2248,0.324739
2249,0.363507
2250,0.363507
2251,0.363507
2252,0.363507
2253,0.363507
2254,0.363507
2255,0.363507
2256,0.296445
2257,0.296445
2258,0.314965
2259,0.314965
2260,0.314965
2261,0.314965
2262,0.314965
2263,0.314965
2264,0.314965
2265,0.314965
2266,0.314965
2267,0.314965
2268,0.314965
2269,0.314965
2270,0.314965
2271,0.314965
2272,0.314965
2273,0.314965
2274,0.314965
2275,0.314965
2276,0.314965
2277,0.314965
2278,0.314965
2279,0.314965
2280,0.314965
2281,0.314965
2282,0.314965
2283,0.314965
2284,0.314965
2285,0.314965
2286,0.314965
2287,0.314965
2288,0.252522
2289,0.252522
2290,0.220321
2291,0.220321
2292,0.210318
2293,0.210318
2294,0.218661
2295,0.224393
2296,0.224393
2297,0.224393
2298,0.224393
2299,0.224393
2300,0.224393
2301,0.224393
2302,0.224393
2303,0.224393
2304,0.224393
2305,0.224393
2306,0.224393
2307,0.224393
2308,0.233198
2309,0.233198
2310,0.233198
2311,0.163936
2312,0.15069
2313,0.206917
2314,0.206917
2315,0.153987
2316,0.153987
2317,0.153987
2318,0.153987
2319,0.153987
2320,0.153987
2321,0.153987
2322,0.153987
2323,0.153987
2324,0.153987
2325,0.153987
2326,0.153987
2327,0.153987
2328,0.153987
2329,0.153987
2330,0.153987
2331,0.153987
2332,0.153987
2333,0.153987
2334,0.153987
2335,0.153987
2336,0.153987
2337,0.153987
2338,0.153987
2339,0.153987
2340,0.153987
2341,0.153987
2342,0.153987
2343,0.153987
2344,0.153987
2345,0.153987
2346,0.153987
2347,0.153987
2348,0.153987
2349,0.153987
2350,0.153987
2351,0.153987
2352,0.153987
2353,0.153987
2354,0.154256
2355,0.154256
2356,0.154256
2357,0.156358
2358,0.156358
2359,0.156358
2360,0.156358
2361,0.156358
2362,0.156358
2363,0.156358
2364,0.111838
2365,0.0825772
2366,0.137128
2367,0.13904
2368,0.13904
2369,0.13904
2370,0.13904
2371,0.13904
2372,0.13904
2373,0.13904
2374,0.13904
2375,0.13904
2376,0.13904
2377,0.13904
2378,0.13904
2379,0.13904
2380,0.13904
2381,0.13904
2382,0.13904
2383,0.127276
2384,0.127276
2385,0.127276
2386,0.127276
2387,0.127276
2388,0.127276
2389,0.152274
2390,0.152274
2391,0.152274
2392,0.152274
2393,0.152274
2394,0.152274
2395,0.152274
2396,0.152274
2397,0.152274
2398,0.152274
2399,0.152274
2400,0.152274
2401,0.152274
2402,0.122633
2403,0.122633
2404,0.122633
2405,0.122633
2406,0.122633
2407,0.122633
2408,0.161378
2409,0.161378
2410,0.149174
2411,0.149174
2412,0.149174
2413,0.149174
2414,0.149174
2415,0.149174
2416,0.149174
2417,0.149174
2418,0.149174
2419,0.149174
2420,0.149174
2421,0.149174
2422,0.149174
2423,0.149174
2424,0.144122
2425,0.144122
2426,0.144122
2427,0.144122
2428,0.144122
2429,0.144122
2430,0.144122
2431,0.144122
2432,0.148997
2433,0.148997
2434,0.148997
2435,0.148997
2436,0.148997
2437,0.148997
2438,0.148997
2439,0.148997
2440,0.148997
2441,0.133022
2442,0.133022
2443,0.133022
2444,0.133022
2445,0.133022
2446,0.133022
2447,0.133022
2448,0.133022
2449,0.122276
2450,0.175189
2451,0.154674
2452,0.154674
2453,0.154674
2454,0.154674
2455,0.154674
2456,0.155232
2457,0.155232
2458,0.155232
2459,0.155232
2460,0.149111
2461,0.149111
2462,0.149111
2463,0.149111
2464,0.149111
2465,0.149111
2466,0.149111
2467,0.149111
2468,0.149111
2469,0.149111
2470,0.149111
2471,0.149111
2472,0.149111
2473,0.149111
2474,0.149111
2475,0.149111
2476,0.149111
2477,0.149111
2478,0.149111
2479,0.149111
2480,0.149111
2481,0.149111
2482,0.149111
2483,0.149111
2484,0.149111
2485,0.149111
2486,0.149111
2487,0.149111
2488,0.149111
2489,0.149111
2490,0.149111
2491,0.168939
2492,0.173003
2493,0.173003
2494,0.173003
2495,0.155666
2496,0.155666
2497,0.155666
2498,0.155666
2499,0.155666
2500,0.155666
2501,0.155666
2502,0.155666
2503,0.155666
2504,0.155666
2505,0.155666
2506,0.155666
2507,0.155666
2508,0.155666
2509,0.155666
2510,0.142114
2511,0.142114
2512,0.142114
2513,0.142114
2514,0.142114
2515,0.142114
2516,0.142114
2517,0.142114
2518,0.142114
2519,0.142114
2520,0.142114
2521,0.142114
2522,0.142114
2523,0.142114
2524,0.142114
2525,0.142114
2526,0.142114
2527,0.142114
2528,0.142114
2529,0.142114
2530,0.142114
2531,0.142114
2532,0.142114
2533,0.142114
2534,0.142114
2535,0.146848
2536,0.146848
2537,0.146848
2538,0.146848
2539,0.146848
2540,0.146848
2541,0.146848
2542,0.146848
2543,0.146848
2544,0.146848
2545,0.146848
2546,0.146848
2547,0.146848
2548,0.146848
2549,0.146848
2550,0.146848
2551,0.146848
2552,0.146848
2553,0.146848
2554,0.146848
2555,0.146848
2556,0.146848
2557,0.146848
2558,0.146848
2559,0.146848
2560,0.146848
2561,0.146848
2562,0.143592
2563,0.143592
2564,0.143592
2565,0.143592
2566,0.143592
2567,0.143592
2568,0.143592
2569,0.143592
2570,0.143592
2571,0.143592
2572,0.143592
2573,0.143592
2574,0.143592
2575,0.143592
2576,0.143592
2577,0.143592
2578,0.143592
2579,0.143592
2580,0.143592
2581,0.143592
2582,0.143592
2583,0.143592
2584,0.143592
2585,0.143592
2586,0.143592
2587,0.143592
2588,0.13821
2589,0.13821
2590,0.13821
2591,0.150987
2592,0.150987
2593,0.103556
2594,0.103556
2595,0.103556
2596,0.103556
2597,0.103556
2598,0.103556
2599,0.103556
2600,0.103556
2601,0.103556
2602,0.103556
2603,0.103556
2604,0.103556
2605,0.103556
2606,0.103556
2607,0.103556
2608,0.103556
2609,0.103556
2610,0.103556
2611,0.103556
2612,0.103556
2613,0.103556
2614,0.103556
2615,0.103556
2616,0.103556
2617,0.103556
2618,0.103556
2619,0.103556
2620,0.103556
2621,0.103556
2622,0.103556
2623,0.103556
2624,0.103556
2625,0.103556
2626,0.103556
2627,0.103556
2628,0.103556
2629,0.103556
2630,0.103556
2631,0.103556
2632,0.103556
2633,0.103556
2634,0.103556
2635,0.103556
2636,0.103556
2637,0.103556
2638,0.103556
2639,0.103556
2640,0.103556
2641,0.103556
2642,0.103556
2643,0.103556
2644,0.103556
2645,0.103556
2646,0.103556
2647,0.103556
2648,0.103556
2649,0.103556
2650,0.103556
2651,0.103556
2652,0.103556
2653,0.103556
2654,0.103556
2655,0.103556
2656,0.103556
2657,0.103556
2658,0.103556
2659,0.103556
2660,0.103556
2661,0.103556
2662,0.103556
2663,0.103556
2664,0.103556
2665,0.103556
2666,0.103556
2667,0.103556
2668,0.103556
2669,0.103556
2670,0.103556
2671,0.103556
2672,0.103556
2673,0.103556
2674,0.103556
2675,0.123241
2676,0.123241
2677,0.123241
2678,0.123241
2679,0.123241
2680,0.123241
2681,0.123241
2682,0.123241
2683,0.123241
2684,0.123241
2685,0.123241
2686,0.123241
2687,0.123241
2688,0.123241
2689,0.123241
2690,0.123241
2691,0.123241
2692,0.123241
2693,0.123241
2694,0.123241
2695,0.123241
2696,0.123241
2697,0.123241
2698,0.123241
2699,0.123241
2700,0.123241
2701,0.123241
2702,0.123241
2703,0.123241
2704,0.123241
2705,0.123241
2706,0.123241
2707,0.123241
2708,0.123241
2709,0.123241
2710,0.123241
2711,0.123241
2712,0.123241
2713,0.123241
2714,0.110503
2715,0.110503
2716,0.110503
2717,0.110503
2718,0.110503
2719,0.143481
2720,0.143481
2721,0.143481
2722,0.143481
2723,0.143481
2724,0.143481
2725,0.143481
2726,0.143481
2727,0.150309
2728,0.150309
2729,0.150309
2730,0.150309
2731,0.150309
2732,0.150309
2733,0.167662
2734,0.167662
2735,0.167662
2736,0.167662
2737,0.167662
2738,0.139964
2739,0.139964
2740,0.139964
2741,0.139964
2742,0.139964
2743,0.139964
2744,0.139964
2745,0.139964
2746,0.139964
2747,0.139964
2748,0.139964
2749,0.139964
2750,0.139964
2751,0.121576
2752,0.121576
2753,0.121576
2754,0.121576
2755,0.121576
2756,0.121576
2757,0.121576
2758,0.112423
2759,0.112423
2760,0.112423
2761,0.112423
2762,0.112423
2763,0.112423
2764,0.121576
2765,0.121576
2766,0.121576
2767,0.121576
2768,0.121576
2769,0.121576
2770,0.121576
2771,0.121576
2772,0.121576
2773,0.121576
2774,0.121576
2775,0.121576
2776,0.121576
2777,0.118797
2778,0.122984
2779,0.122984
2780,0.122984
2781,0.122984
2782,0.122984
2783,0.122984
2784,0.122984
2785,0.122984
2786,0.112679
2787,0.112679
2788,0.112679
2789,0.112679
2790,0.112679
2791,0.112679
2792,0.112679
2793,0.112679
2794,0.112679
2795,0.112679
2796,0.112679
2797,0.112679
2798,0.112679
2799,0.112679
2800,0.112679
2801,0.112679
2802,0.112679
2803,0.112679
2804,0.112679
2805,0.111062
2806,0.111062
2807,0.111062
2808,0.111062
2809,0.111062
2810,0.111062
2811,0.111062
2812,0.111062
2813,0.109785
2814,0.109785
2815,0.109785
2816,0.109785
2817,0.109785
2818,0.109785
2819,0.109785
2820,0.109785
2821,0.109785
2822,0.109785
2823,0.109785
2824,0.109785
2825,0.109785
2826,0.109785
2827,0.109785
2828,0.109785
2829,0.109785
2830,0.109785
2831,0.109785
2832,0.121825
2833,0.121825
2834,0.121825
2835,0.121825
2836,0.121825
2837,0.121825
2838,0.121825
2839,0.141396
2840,0.141396
2841,0.141396
2842,0.141396
2843,0.141396
2844,0.141953
2845,0.141953
2846,0.141953
2847,0.141953
2848,0.141953
2849,0.141777
2850,0.141777
2851,0.141777
2852,0.141777
2853,0.141777
2854,0.141777
2855,0.141777
2856,0.141777
2857,0.141777
2858,0.141777
2859,0.141777
2860,0.141777
2861,0.141777
2862,0.141777
2863,0.141777
2864,0.141777
2865,0.141777
2866,0.141777
2867,0.141777
2868,0.141777
2869,0.141777
2870,0.141777
2871,0.141777
2872,0.141777
2873,0.141777
2874,0.141777
2875,0.141777
2876,0.141777
2877,0.141777
2878,0.141777
2879,0.141777
2880,0.141777
2881,0.141777
2882,0.141777
2883,0.141777
2884,0.141777
2885,0.141777
2886,0.141777
2887,0.141777
2888,0.141777
2889,0.141777
2890,0.141777
2891,0.141777
2892,0.141777
2893,0.141777
2894,0.141777
2895,0.141777
2896,0.141777
2897,0.141777
2898,0.141777
2899,0.141777
2900,0.141777
2901,0.141777
2902,0.141777
2903,0.141777
2904,0.141777
2905,0.141777
2906,0.141777
2907,0.141777
2908,0.141777
2909,0.141777
2910,0.141777
2911,0.141777
2912,0.141777
2913,0.141777
2914,0.141777
2915,0.141777
2916,0.141777
2917,0.141777
2918,0.141777
2919,0.141777
2920,0.141777
2921,0.141777
2922,0.141777
2923,0.141777
2924,0.141777
2925,0.141777
2926,0.141777
2927,0.141777
2928,0.141777
2929,0.141777
2930,0.141777
2931,0.141777
2932,0.141777
2933,0.141777
2934,0.141777
2935,0.141777
2936,0.141777
2937,0.141777
2938,0.141777
2939,0.141777
2940,0.141777
2941,0.141777
2942,0.141777
2943,0.141777
2944,0.141777
2945,0.141777
2946,0.141777
2947,0.141777
2948,0.141777
2949,0.141777
2950,0.141777
2951,0.141777
2952,0.141777
2953,0.141777
2954,0.141777
2955,0.141777
2956,0.141777
2957,0.141777
2958,0.141777
2959,0.141777
2960,0.141777
2961,0.141777
2962,0.141777
2963,0.141777
2964,0.141777
2965,0.141777
2966,0.141777
2967,0.141777
2968,0.141777
2969,0.141777
2970,0.141777
2971,0.141777
2972,0.141777
2973,0.141777
2974,0.141777
2975,0.141777
2976,0.141777
2977,0.141777
2978,0.141777
2979,0.141777
2980,0.141777
2981,0.141777
2982,0.141777
2983,0.141777
2984,0.141777
2985,0.141777
2986,0.141777
2987,0.141777
2988,0.141777
2989,0.141777
2990,0.141777
2991,0.141777
2992,0.141777
2993,0.141777
2994,0.141777
2995,0.141777
2996,0.141777
2997,0.141777
2998,0.141777
2999,0.141777
